注文番号,時間(Open Time),取引種別,数量,通貨ペア,価格,決済逆指値(S/L),決済指値(T/P),時間(Close Time),価格,手数料,税,スワップ,損益,MagicNo,コメント
97550662,2024.05.13 04:00:01,buy,0.1,USDJPY,155.933,155.661,0,2024.05.13 04:12:17,155.66,0,0,0,-2730,20220302,STR01[sl]
97564463,2024.05.13 19:00:01,buy,0.05,USDJPY,156.183,155.681,0,2024.05.14 05:13:22,156.487,0,0,0,1520,20220302,to #97603105
97573121,2024.05.14 00:02:00,balance,0.01,,0,0,0,2024.05.14 00:02:00,0,0,0,0,214,,RO 97564463 B 0.10 USDJPY
97601952,2024.05.14 04:00:00,buy,0.05,USDJPY,156.298,156.131,0,2024.05.14 15:30:02,156.665,0,0,0,1835,20220302,to #97610090
97602935,2024.05.14 05:00:00,buy,0.05,USDJPY,156.428,156.167,0,2024.05.14 15:30:30,156.73,0,0,0,1510,20220302,to #97610258
97603105,2024.05.13 19:00:01,buy,0.05,USDJPY,156.183,156.445,0,2024.05.14 16:12:01,156.442,0,0,0,1295,20220302,from #97564463[sl]
97610090,2024.05.14 04:00:00,buy,0.05,USDJPY,156.298,156.445,0,2024.05.14 16:12:01,156.442,0,0,0,720,20220302,from #97601952[sl]
97610258,2024.05.14 05:00:00,buy,0.05,USDJPY,156.428,156.445,0,2024.05.14 16:12:01,156.442,0,0,0,70,20220302,from #97602935[sl]
97612233,2024.05.14 16:00:00,buy,0.1,USDJPY,156.595,156.269,0,2024.05.14 16:19:20,156.265,0,0,0,-3300,20220302,STR01[sl]
97660687,2024.05.15 11:00:05,sell,0.1,USDJPY,156.094,155.875,0,2024.05.15 12:42:59,155.746,0,0,0,3480,20220302,STR01
97662845,2024.05.15 12:00:00,sell,0.1,USDJPY,155.641,156.387,0,2024.05.15 12:42:51,155.739,0,0,0,-980,20220302,STR01
97722039,2024.05.16 04:00:00,sell,0.05,USDJPY,153.66,154.865,0,2024.05.16 10:24:02,154.341,0,0,0,-3405,20220302,to #97730216
97730216,2024.05.16 04:00:00,sell,0.05,USDJPY,153.66,154.865,0,2024.05.16 14:27:45,154.865,0,0,0,-6025,20220302,from #97722039[sl]
97737951,2024.05.16 16:00:00,buy,0.05,USDJPY,155.316,154.595,0,2024.05.17 04:10:30,155.627,0,0,0,1555,20220302,to #97782320
97740698,2024.05.16 17:00:00,buy,0.05,USDJPY,155.467,154.595,0,2024.05.17 04:15:44,155.769,0,0,0,1510,20220302,to #97782678
97754402,2024.05.17 00:01:56,balance,0.01,,0,0,0,2024.05.17 00:01:56,0,0,0,0,214,,RO 97737951 B 0.10 USDJPY
97754403,2024.05.17 00:01:56,balance,0.01,,0,0,0,2024.05.17 00:01:56,0,0,0,0,214,,RO 97740698 B 0.10 USDJPY
97782320,2024.05.16 16:00:00,buy,0.05,USDJPY,155.316,155.625,0,2024.05.17 09:33:54,155.624,0,0,0,1540,20220302,from #97737951[sl]
97782678,2024.05.16 17:00:00,buy,0.05,USDJPY,155.467,155.625,0,2024.05.17 09:33:54,155.624,0,0,0,785,20220302,from #97740698[sl]
97783719,2024.05.17 05:00:00,buy,0.1,USDJPY,155.826,155.311,0,2024.05.17 18:03:12,155.311,0,0,0,-5150,20220302,STR01[sl]
97784569,2024.05.17 06:00:00,buy,0.1,USDJPY,155.877,155.339,0,2024.05.17 17:56:52,155.338,0,0,0,-5390,20220302,STR01[sl]
97853879,2024.05.20 22:00:00,buy,0.52,USDJPY,156.272,156.046,0,2024.05.21 10:11:29,156.045,0,0,0,-11804,20240512,STR01_USDJPY_H1[sl]
97854215,2024.05.20 23:00:00,buy,0.48,USDJPY,156.293,156.046,0,2024.05.21 10:11:29,156.045,0,0,0,-11904,20240512,STR01_USDJPY_H1[sl]
97861468,2024.05.21 00:01:58,balance,0.01,,0,0,0,2024.05.21 00:01:58,0,0,0,0,1112,,RO 97853879 B 0.52 USDJPY
97861469,2024.05.21 00:01:58,balance,0.01,,0,0,0,2024.05.21 00:01:58,0,0,0,0,1027,,RO 97854215 B 0.48 USDJPY
97888206,2024.05.21 03:00:00,buy,0.42,USDJPY,156.411,156.133,0,2024.05.21 09:09:07,156.132,0,0,0,-11718,20240512,STR01_USDJPY_H1[sl]
97889238,2024.05.21 04:00:00,buy,0.38,USDJPY,156.427,156.133,0,2024.05.21 04:03:51,156.457,0,0,0,1140,20240512,STR01_USDJPY_H1
97890212,2024.05.21 05:00:01,buy,0.4,USDJPY,156.483,156.198,0,2024.05.21 05:11:29,156.46,0,0,0,-920,20240512,STR01_USDJPY_H1
97949742,2024.05.22 12:00:00,buy,0.54,USDJPY,156.494,156.28,0,2024.05.23 09:28:45,156.621,0,0,0,6858,20240512,STR01_USDJPY_H1
97952661,2024.05.22 15:00:00,buy,0.54,USDJPY,156.587,156.381,0,2024.05.22 16:42:33,156.381,0,0,0,-11124,20240512,STR01_USDJPY_H1[sl]
97959668,2024.05.22 22:00:01,buy,0.6,USDJPY,156.635,156.445,0,2024.05.23 09:28:39,156.617,0,0,0,-1080,20240512,STR01_USDJPY_H1
97960118,2024.05.22 23:00:00,buy,0.42,USDJPY,156.711,156.445,0,2024.05.23 05:48:48,156.7,0,0,0,-462,20240512,STR01_USDJPY_H1
97968005,2024.05.23 00:02:12,balance,0.01,,0,0,0,2024.05.23 00:02:12,0,0,0,0,4622,,RO 97949742 B 0.54 USDJPY
97968006,2024.05.23 00:02:12,balance,0.01,,0,0,0,2024.05.23 00:02:12,0,0,0,0,5136,,RO 97959668 B 0.60 USDJPY
97968007,2024.05.23 00:02:12,balance,0.01,,0,0,0,2024.05.23 00:02:12,0,0,0,0,3595,,RO 97960118 B 0.42 USDJPY
98011661,2024.05.23 17:00:00,buy,0.18,USDJPY,157.106,156.517,0,2024.05.23 17:13:17,156.511,0,0,0,-10710,20240512,STR01_USDJPY_H1[sl]
98127374,2024.05.28 07:00:00,sell,0.42,USDJPY,156.654,156.924,0,2024.05.28 10:01:45,156.928,0,0,0,-11508,20240512,STR01_USDJPY_H1[sl]
98140457,2024.05.28 21:00:01,buy,0.19,USDJPY,157.101,156.811,0,2024.05.29 18:35:38,157.608,0,0,0,9633,20240512,to #98192863
98140946,2024.05.28 22:00:01,buy,0.34,USDJPY,157.156,156.827,0,2024.05.29 08:56:56,157.202,0,0,0,1564,20240512,STR01_USDJPY_H1
98148141,2024.05.29 00:02:08,balance,0.01,,0,0,0,2024.05.29 00:02:08,0,0,0,0,813,,RO 98140457 B 0.38 USDJPY
98148142,2024.05.29 00:02:08,balance,0.01,,0,0,0,2024.05.29 00:02:08,0,0,0,0,727,,RO 98140946 B 0.34 USDJPY
98173791,2024.05.29 00:10:00,buy,0.44,USDJPY,157.211,156.958,0,2024.05.29 08:09:18,157.239,0,0,0,1232,20240512,STR01_USDJPY_H1
98175391,2024.05.29 03:00:01,buy,0.56,USDJPY,157.284,157.084,0,2024.05.29 03:15:46,157.331,0,0,0,2632,20240512,STR01_USDJPY_H1
98176742,2024.05.29 04:00:00,buy,0.38,USDJPY,157.385,157.084,0,2024.05.29 04:02:39,157.374,0,0,0,-418,20240512,STR01_USDJPY_H1
98192101,2024.05.29 18:00:00,buy,0.32,USDJPY,157.496,157.146,0,2024.05.30 03:12:14,157.491,0,0,0,-160,20240512,STR01_USDJPY_H1
98192863,2024.05.28 21:00:01,buy,0.19,USDJPY,157.101,157.206,0,2024.05.30 07:35:44,157.203,0,0,0,1938,20240512,from #98140457[sl]
98193196,2024.05.29 19:00:00,buy,0.22,USDJPY,157.632,157.146,0,2024.05.30 07:40:32,157.146,0,0,0,-10692,20240512,STR01_USDJPY_H1[sl]
98193823,2024.05.29 20:00:00,buy,0.2,USDJPY,157.696,157.164,0,2024.05.30 07:40:29,157.163,0,0,0,-10660,20240512,STR01_USDJPY_H1[sl]
98202157,2024.05.30 00:02:09,balance,0.01,,0,0,0,2024.05.30 00:02:09,0,0,0,0,2563,,RO 98192101 B 0.32 USDJPY
98202158,2024.05.30 00:02:09,balance,0.01,,0,0,0,2024.05.30 00:02:09,0,0,0,0,1521,,RO 98192863 B 0.19 USDJPY
98202159,2024.05.30 00:02:09,balance,0.01,,0,0,0,2024.05.30 00:02:09,0,0,0,0,1762,,RO 98193196 B 0.22 USDJPY
98202160,2024.05.30 00:02:09,balance,0.01,,0,0,0,2024.05.30 00:02:09,0,0,0,0,1602,,RO 98193823 B 0.20 USDJPY
98238947,2024.05.30 09:00:00,sell,0.22,USDJPY,156.966,157.453,0,2024.05.30 11:12:05,157.05,0,0,0,-1848,20240512,STR01_USDJPY_H1
98240551,2024.05.30 10:00:00,sell,0.16,USDJPY,156.742,157.427,0,2024.05.30 16:43:38,156.709,0,0,0,528,20240512,STR01_USDJPY_H1
98300541,2024.05.31 11:00:00,buy,0.22,USDJPY,157.15,156.67,0,2024.05.31 17:00:09,156.67,0,0,0,-10560,20240512,STR01_USDJPY_H1[sl]
98301887,2024.05.31 12:00:00,buy,0.18,USDJPY,157.299,156.689,0,2024.05.31 16:49:41,156.687,0,0,0,-11016,20240512,STR01_USDJPY_H1[sl]
98302932,2024.05.31 13:00:00,buy,0.2,USDJPY,157.336,156.783,0,2024.05.31 15:48:45,156.783,0,0,0,-11060,20240512,STR01_USDJPY_H1[sl]
98353798,2024.06.03 07:00:00,buy,0.24,USDJPY,157.423,156.989,0,2024.06.03 13:09:08,156.988,0,0,0,-10440,20240512,STR01_USDJPY_H1[sl]
98369857,2024.06.03 18:00:00,sell,0.14,USDJPY,156.202,155.208,0,2024.06.04 14:13:20,155.209,0,0,0,13902,20240512,STR01_USDJPY_H1[sl]
98371282,2024.06.03 19:00:00,sell,0.12,USDJPY,156.036,156.937,0,2024.06.04 01:31:41,156.154,0,0,0,-1416,20240512,STR01_USDJPY_H1
98382633,2024.06.04 00:02:08,balance,0.01,,0,0,0,2024.06.04 00:02:08,0,0,0,0,-303,,RO 98369857 S 0.14 USDJPY
98382634,2024.06.04 00:02:08,balance,0.01,,0,0,0,2024.06.04 00:02:08,0,0,0,0,-260,,RO 98371282 S 0.12 USDJPY
98421882,2024.06.04 11:00:00,sell,0.05,USDJPY,155.385,155.208,0,2024.06.04 13:52:59,154.851,0,0,0,2670,20240512,to #98428172
98424127,2024.06.04 12:00:00,sell,0.05,USDJPY,155.264,156.306,0,2024.06.04 13:40:52,154.78,0,0,0,2420,20240512,to #98427606
98426129,2024.06.04 13:00:00,sell,0.05,USDJPY,155.158,156.209,0,2024.06.04 17:00:03,154.611,0,0,0,2735,20240512,to #98434482
98427606,2024.06.04 12:00:00,sell,0.05,USDJPY,155.264,155.208,0,2024.06.04 14:13:20,155.209,0,0,0,275,20240512,from #98424127[sl]
98428172,2024.06.04 11:00:00,sell,0.05,USDJPY,155.385,155.208,0,2024.06.04 14:13:20,155.209,0,0,0,880,20240512,from #98421882[sl]
98428392,2024.06.04 14:00:00,sell,0.1,USDJPY,154.933,155.958,0,2024.06.05 02:44:08,155.147,0,0,0,-2140,20240512,STR01_USDJPY_H1
98434482,2024.06.04 13:00:00,sell,0.05,USDJPY,155.158,155.06,0,2024.06.04 17:10:04,155.064,0,0,0,470,20240512,from #98426129[sl]
98451209,2024.06.05 00:02:11,balance,0.01,,0,0,0,2024.06.05 00:02:11,0,0,0,0,-216,,RO 98428392 S 0.10 USDJPY
98487885,2024.06.05 09:00:00,buy,0.18,USDJPY,155.644,155.349,0,2024.06.05 10:44:49,156.143,0,0,0,8982,20240512,to #98490028
98488945,2024.06.05 10:00:01,buy,0.1,USDJPY,155.901,155.349,0,2024.06.05 17:11:17,156.401,0,0,0,5000,20240512,to #98499556
98490028,2024.06.05 09:00:00,buy,0.18,USDJPY,155.644,155.8,0,2024.06.05 16:31:28,155.797,0,0,0,2754,20240512,from #98487885[sl]
98490354,2024.06.05 11:00:00,buy,0.14,USDJPY,156.147,155.442,0,2024.06.06 04:17:00,155.44,0,0,0,-9898,20240512,STR01_USDJPY_H1[sl]
98491633,2024.06.05 12:00:00,buy,0.16,USDJPY,156.233,155.534,0,2024.06.06 04:03:17,155.531,0,0,0,-11232,20240512,STR01_USDJPY_H1[sl]
98499556,2024.06.05 10:00:01,buy,0.1,USDJPY,155.901,155.974,0,2024.06.06 00:10:36,155.974,0,0,0,730,20240512,from #98488945[sl]
98501404,2024.06.05 18:00:00,buy,0.18,USDJPY,156.314,155.698,0,2024.06.06 03:43:15,155.697,0,0,0,-11106,20240512,STR01_USDJPY_H1[sl]
98512844,2024.06.06 00:02:07,balance,0.01,,0,0,0,2024.06.06 00:02:07,0,0,0,0,882,,RO 98490354 B 0.14 USDJPY
98512845,2024.06.06 00:02:07,balance,0.01,,0,0,0,2024.06.06 00:02:07,0,0,0,0,1008,,RO 98491633 B 0.16 USDJPY
98512846,2024.06.06 00:02:07,balance,0.01,,0,0,0,2024.06.06 00:02:07,0,0,0,0,630,,RO 98499556 B 0.10 USDJPY
98512847,2024.06.06 00:02:07,balance,0.01,,0,0,0,2024.06.06 00:02:07,0,0,0,0,1134,,RO 98501404 B 0.18 USDJPY
98611753,2024.06.07 10:00:00,sell,0.22,USDJPY,155.353,155.823,0,2024.06.07 11:28:12,155.344,0,0,0,198,20240512,STR01_USDJPY_H1
98624683,2024.06.07 17:00:00,buy,0.06,USDJPY,156.965,155.333,0,2024.06.12 06:00:00,157.182,0,0,0,1302,20240512,STR01_USDJPY_H1
98637670,2024.06.08 00:01:46,balance,0.01,,0,0,0,2024.06.08 00:01:46,0,0,0,0,126,,RO 98624683 B 0.06 USDJPY
98669463,2024.06.10 07:00:00,buy,0.24,USDJPY,157.154,156.719,0,2024.06.12 06:00:02,157.18,0,0,0,624,20240512,STR01_USDJPY_H1
98692372,2024.06.11 00:02:10,balance,0.01,,0,0,0,2024.06.11 00:02:10,0,0,0,0,126,,RO 98624683 B 0.06 USDJPY
98692373,2024.06.11 00:02:10,balance,0.01,,0,0,0,2024.06.11 00:02:10,0,0,0,0,504,,RO 98669463 B 0.24 USDJPY
98723113,2024.06.11 04:00:00,buy,0.32,USDJPY,157.219,156.892,0,2024.06.11 15:33:33,156.892,0,0,0,-10464,20240512,STR01_USDJPY_H1[sl]
98725021,2024.06.11 06:00:00,buy,0.4,USDJPY,157.289,157.018,0,2024.06.11 15:04:01,157.018,0,0,0,-10840,20240512,STR01_USDJPY_H1[sl]
98729852,2024.06.11 11:00:00,buy,0.52,USDJPY,157.342,157.137,0,2024.06.11 11:06:53,157.325,0,0,0,-884,20240512,STR01_USDJPY_H1
98750766,2024.06.12 00:01:54,balance,0.01,,0,0,0,2024.06.12 00:01:54,0,0,0,0,151,,RO 98624683 B 0.06 USDJPY
98750767,2024.06.12 00:01:54,balance,0.01,,0,0,0,2024.06.12 00:01:54,0,0,0,0,604,,RO 98669463 B 0.24 USDJPY
98914566,2024.06.14 07:00:01,buy,0.1,USDJPY,157.813,156.8,0,2024.06.21 01:39:14,158.919,0,0,0,11060,20240512,STR01_USDJPY_H1
98917652,2024.06.14 09:00:00,buy,0.08,USDJPY,158.152,156.8,0,2024.06.21 01:39:23,158.919,0,0,0,6136,20240512,STR01_USDJPY_H1
98949344,2024.06.15 00:01:49,balance,0.01,,0,0,0,2024.06.15 00:01:49,0,0,0,0,504,,RO 98914566 B 0.10 USDJPY
98949345,2024.06.15 00:01:49,balance,0.01,,0,0,0,2024.06.15 00:01:49,0,0,0,0,403,,RO 98917652 B 0.08 USDJPY
99034841,2024.06.19 00:02:05,balance,0.01,,0,0,0,2024.06.19 00:02:05,0,0,0,0,252,,RO 98914566 B 0.10 USDJPY
99034842,2024.06.19 00:02:05,balance,0.01,,0,0,0,2024.06.19 00:02:05,0,0,0,0,201,,RO 98917652 B 0.08 USDJPY
99081652,2024.06.20 00:01:58,balance,0.01,,0,0,0,2024.06.20 00:01:58,0,0,0,0,756,,RO 98914566 B 0.10 USDJPY
99081653,2024.06.20 00:01:58,balance,0.01,,0,0,0,2024.06.20 00:01:58,0,0,0,0,604,,RO 98917652 B 0.08 USDJPY
99139694,2024.06.21 00:01:59,balance,0.01,,0,0,0,2024.06.21 00:01:59,0,0,0,0,252,,RO 98914566 B 0.10 USDJPY
99139695,2024.06.21 00:01:59,balance,0.01,,0,0,0,2024.06.21 00:01:59,0,0,0,0,201,,RO 98917652 B 0.08 USDJPY
99224635,2024.06.24 01:00:00,buy,0.4,USDJPY,159.717,159.448,0,2024.06.24 13:05:42,159.438,0,0,0,-11160,20240512,STR01_USDJPY_H1[sl]
99226601,2024.06.24 03:00:00,buy,0.28,USDJPY,159.916,159.524,0,2024.06.24 13:05:40,159.523,0,0,0,-11004,20240512,STR01_USDJPY_H1[sl]
99340567,2024.06.26 05:00:00,buy,0.29,USDJPY,159.786,159.602,0,2024.06.26 13:54:32,160.295,0,0,0,14761,20240512,to #99349978
99347082,2024.06.26 12:00:01,buy,0.25,USDJPY,159.964,160.125,0,2024.06.26 17:06:54,160.499,0,0,0,13375,20240512,to #99357381
99348365,2024.06.26 13:00:00,buy,0.5,USDJPY,159.996,159.782,0,2024.06.26 13:42:20,160.129,0,0,0,6650,20240512,STR01_USDJPY_H1
99349978,2024.06.26 05:00:00,buy,0.29,USDJPY,159.786,160.368,0,2024.06.27 07:05:53,160.366,0,0,0,16820,20240512,from #99340567[sl]
99350325,2024.06.26 14:00:01,buy,0.11,USDJPY,160.311,159.813,0,2024.06.26 18:37:30,160.809,0,0,0,5478,20240512,to #99360194
99357075,2024.06.26 17:00:01,buy,0.2,USDJPY,160.52,159.983,0,2024.06.27 13:00:00,160.486,0,0,0,-680,20240512,STR01_USDJPY_H1
99357381,2024.06.26 12:00:01,buy,0.25,USDJPY,159.964,160.368,0,2024.06.27 07:05:53,160.366,0,0,0,10050,20240512,from #99347082[sl]
99360194,2024.06.26 14:00:01,buy,0.11,USDJPY,160.311,160.368,0,2024.06.27 07:05:53,160.366,0,0,0,605,20240512,from #99350325[sl]
99360769,2024.06.26 19:00:01,buy,0.16,USDJPY,160.687,160.006,0,2024.06.27 02:43:30,160.681,0,0,0,-96,20240512,STR01_USDJPY_H1
99370510,2024.06.27 00:02:08,balance,0.01,,0,0,0,2024.06.27 00:02:08,0,0,0,0,2540,,RO 99349978 B 0.29 USDJPY
99370511,2024.06.27 00:02:08,balance,0.01,,0,0,0,2024.06.27 00:02:08,0,0,0,0,1752,,RO 99357075 B 0.20 USDJPY
99370512,2024.06.27 00:02:08,balance,0.01,,0,0,0,2024.06.27 00:02:08,0,0,0,0,2190,,RO 99357381 B 0.25 USDJPY
99370513,2024.06.27 00:02:08,balance,0.01,,0,0,0,2024.06.27 00:02:08,0,0,0,0,963,,RO 99360194 B 0.11 USDJPY
99370514,2024.06.27 00:02:08,balance,0.01,,0,0,0,2024.06.27 00:02:08,0,0,0,0,1401,,RO 99360769 B 0.16 USDJPY
99396901,2024.06.27 00:10:00,buy,0.56,USDJPY,160.784,160.589,0,2024.06.27 02:18:22,160.589,0,0,0,-10920,20240512,STR01_USDJPY_H1[sl]
99416918,2024.06.27 22:00:00,buy,0.28,USDJPY,160.768,160.564,0,2024.06.28 04:30:11,161.262,0,0,0,13832,20240512,to #99452781
99417155,2024.06.27 23:00:00,buy,0.68,USDJPY,160.827,160.664,0,2024.06.28 00:10:00,160.628,0,0,0,-13532,20240512,STR01_USDJPY_H1[sl]
99424176,2024.06.28 00:02:04,balance,0.01,,0,0,0,2024.06.28 00:02:04,0,0,0,0,1635,,RO 99416918 B 0.56 USDJPY
99424177,2024.06.28 00:02:04,balance,0.01,,0,0,0,2024.06.28 00:02:04,0,0,0,0,1985,,RO 99417155 B 0.68 USDJPY
99451488,2024.06.28 04:00:01,buy,0.22,USDJPY,161.122,160.624,0,2024.06.28 13:27:05,160.62,0,0,0,-11044,20240512,STR01_USDJPY_H1[sl]
99452781,2024.06.27 22:00:00,buy,0.28,USDJPY,160.768,160.774,0,2024.06.28 12:09:16,160.773,0,0,0,140,20240512,from #99416918[sl]
99522997,2024.07.01 16:00:00,buy,0.28,USDJPY,161.358,160.967,0,2024.07.01 17:00:02,160.966,0,0,0,-10976,20240512,STR01_USDJPY_H1[sl]
99528046,2024.07.01 18:00:00,buy,0.14,USDJPY,161.657,160.925,0,2024.07.03 03:00:00,161.493,0,0,0,-2296,20240512,STR01_USDJPY_H1
99538467,2024.07.02 00:02:06,balance,0.01,,0,0,0,2024.07.02 00:02:06,0,0,0,0,733,,RO 99528046 B 0.14 USDJPY
99600719,2024.07.03 08:00:00,buy,0.56,USDJPY,161.718,161.517,0,2024.07.03 17:00:00,161.496,0,0,0,-12432,20240512,STR01_USDJPY_H1[sl]
99602026,2024.07.03 09:00:00,buy,0.36,USDJPY,161.871,161.564,0,2024.07.03 17:00:00,161.496,0,0,0,-13500,20240512,STR01_USDJPY_H1[sl]
99663507,2024.07.04 15:00:00,sell,0.34,USDJPY,161.001,161.325,0,2024.07.05 00:10:00,161.325,0,0,0,-11016,20240512,STR01_USDJPY_H1[sl]
99675772,2024.07.05 00:02:10,balance,0.01,,0,0,0,2024.07.05 00:02:10,0,0,0,0,-769,,RO 99663507 S 0.34 USDJPY
99710315,2024.07.05 07:00:00,sell,0.12,USDJPY,160.613,161.394,0,2024.07.08 18:00:03,160.61,0,0,0,36,20240512,STR01_USDJPY_H1
99736092,2024.07.06 00:02:08,balance,0.01,,0,0,0,2024.07.06 00:02:08,0,0,0,0,-272,,RO 99710315 S 0.12 USDJPY
99833671,2024.07.09 18:00:00,buy,0.22,USDJPY,161.365,160.88,0,2024.07.11 09:00:00,161.694,0,0,0,7238,20240512,STR01_USDJPY_H1
99834949,2024.07.09 19:00:01,buy,0.2,USDJPY,161.403,160.88,0,2024.07.11 09:00:02,161.689,0,0,0,5720,20240512,STR01_USDJPY_H1
99843839,2024.07.10 00:02:02,balance,0.01,,0,0,0,2024.07.10 00:02:02,0,0,0,0,563,,RO 99833671 B 0.22 USDJPY
99843840,2024.07.10 00:02:02,balance,0.01,,0,0,0,2024.07.10 00:02:02,0,0,0,0,512,,RO 99834949 B 0.20 USDJPY
99873580,2024.07.10 05:00:00,buy,0.38,USDJPY,161.538,161.257,0,2024.07.11 09:00:04,161.69,0,0,0,5776,20240512,STR01_USDJPY_H1
99886046,2024.07.10 18:00:00,buy,0.44,USDJPY,161.665,161.424,0,2024.07.11 09:00:06,161.702,0,0,0,1628,20240512,STR01_USDJPY_H1
99887268,2024.07.10 19:00:00,buy,0.34,USDJPY,161.742,161.424,0,2024.07.11 03:31:12,161.529,0,0,0,-7242,20240512,STR01_USDJPY_H1
99896999,2024.07.11 00:01:59,balance,0.01,,0,0,0,2024.07.11 00:01:59,0,0,0,0,2252,,RO 99833671 B 0.22 USDJPY
99897000,2024.07.11 00:01:59,balance,0.01,,0,0,0,2024.07.11 00:01:59,0,0,0,0,2048,,RO 99834949 B 0.20 USDJPY
99897001,2024.07.11 00:01:59,balance,0.01,,0,0,0,2024.07.11 00:01:59,0,0,0,0,3891,,RO 99873580 B 0.38 USDJPY
99897002,2024.07.11 00:01:59,balance,0.01,,0,0,0,2024.07.11 00:01:59,0,0,0,0,4505,,RO 99886046 B 0.44 USDJPY
99897003,2024.07.11 00:01:59,balance,0.01,,0,0,0,2024.07.11 00:01:59,0,0,0,0,3481,,RO 99887268 B 0.34 USDJPY
99942754,2024.07.11 16:00:00,sell,0.01,USDJPY,158.629,161.618,0,2024.07.11 16:02:27,158.123,0,0,0,506,20240512,to #99943477
99943477,2024.07.11 16:00:00,sell,0.01,USDJPY,158.629,157.939,0,2024.07.11 16:08:43,157.946,0,0,0,683,20240512,from #99942754[sl]
100064427,2024.07.15 20:00:00,sell,0.32,USDJPY,157.712,158.066,0,2024.07.15 23:25:36,158.066,0,0,0,-11328,20240512,STR01_USDJPY_H1[sl]
100105430,2024.07.16 04:00:00,buy,0.12,USDJPY,158.369,157.932,0,2024.07.16 15:54:50,158.873,0,0,0,6048,20240512,to #100119256
100106752,2024.07.16 05:00:00,buy,0.22,USDJPY,158.531,158.052,0,2024.07.17 05:00:00,158.472,0,0,0,-1298,20240512,STR01_USDJPY_H1
100107712,2024.07.16 06:00:00,buy,0.16,USDJPY,158.697,158.052,0,2024.07.17 05:00:02,158.471,0,0,0,-3616,20240512,STR01_USDJPY_H1
100119256,2024.07.16 04:00:00,buy,0.12,USDJPY,158.369,158.373,0,2024.07.16 21:44:15,158.372,0,0,0,36,20240512,from #100105430[sl]
100135256,2024.07.17 00:02:02,balance,0.01,,0,0,0,2024.07.17 00:02:02,0,0,0,0,479,,RO 100106752 B 0.22 USDJPY
100135257,2024.07.17 00:02:02,balance,0.01,,0,0,0,2024.07.17 00:02:02,0,0,0,0,348,,RO 100107712 B 0.16 USDJPY
100169192,2024.07.17 08:00:00,sell,0.13,USDJPY,158.218,158.625,0,2024.07.17 09:01:31,157.713,0,0,0,6565,20240512,to #100170896
100170661,2024.07.17 09:00:00,sell,0.09,USDJPY,157.873,158.476,0,2024.07.17 10:23:55,157.365,0,0,0,4572,20240512,to #100173367
100170896,2024.07.17 08:00:00,sell,0.13,USDJPY,158.218,156.604,0,2024.07.17 13:42:23,156.604,0,0,0,20982,20240512,from #100169192[sl]
100172360,2024.07.17 10:00:00,sell,0.08,USDJPY,157.818,158.449,0,2024.07.17 10:28:29,157.296,0,0,0,4176,20240512,to #100173677
100173367,2024.07.17 09:00:00,sell,0.09,USDJPY,157.873,156.604,0,2024.07.17 13:42:23,156.604,0,0,0,11421,20240512,from #100170661[sl]
100173677,2024.07.17 10:00:00,sell,0.08,USDJPY,157.818,156.604,0,2024.07.17 13:42:23,156.604,0,0,0,9712,20240512,from #100172360[sl]
100175296,2024.07.17 11:00:00,sell,0.04,USDJPY,157.064,158.387,0,2024.07.17 11:35:44,156.564,0,0,0,2000,20240512,to #100177280
100177280,2024.07.17 11:00:00,sell,0.04,USDJPY,157.064,156.604,0,2024.07.17 13:42:23,156.604,0,0,0,1840,20240512,from #100175296[sl]
100178813,2024.07.17 12:00:00,sell,0.02,USDJPY,156.227,158.235,0,2024.07.18 02:06:27,155.726,0,0,0,1002,20240512,to #100235505
100204016,2024.07.18 00:02:13,balance,0.01,,0,0,0,2024.07.18 00:02:13,0,0,0,0,-266,,RO 100178813 S 0.04 USDJPY
100235505,2024.07.17 12:00:00,sell,0.02,USDJPY,156.227,155.874,0,2024.07.18 04:11:11,155.874,0,0,0,706,20240512,from #100178813[sl]
100237406,2024.07.18 03:00:00,sell,0.16,USDJPY,155.651,156.345,0,2024.07.18 05:00:10,156.352,0,0,0,-11216,20240512,STR01_USDJPY_H1[sl]
100256636,2024.07.18 18:00:00,buy,0.09,USDJPY,156.758,156.173,0,2024.07.18 21:41:32,157.266,0,0,0,4572,20240512,to #100260319
100258132,2024.07.18 19:00:00,buy,0.07,USDJPY,156.977,156.173,0,2024.07.19 04:47:32,157.481,0,0,0,3528,20240512,to #100303830
100259168,2024.07.18 20:00:01,buy,0.06,USDJPY,157.152,156.314,0,2024.07.19 08:01:19,157.668,0,0,0,3096,20240512,to #100306534
100259959,2024.07.18 21:00:00,buy,0.08,USDJPY,157.193,156.494,0,2024.07.19 08:01:34,157.705,0,0,0,4096,20240512,to #100306571
100260319,2024.07.18 18:00:00,buy,0.09,USDJPY,156.758,157.362,0,2024.07.19 09:54:31,157.36,0,0,0,5418,20240512,from #100256636[sl]
100260497,2024.07.18 22:00:00,buy,0.09,USDJPY,157.282,156.69,0,2024.07.19 08:40:30,157.786,0,0,0,4536,20240512,to #100307322
100260999,2024.07.18 23:00:00,buy,0.22,USDJPY,157.37,156.865,0,2024.07.22 09:01:50,156.854,0,0,0,-11352,20240512,STR01_USDJPY_H1[sl]
100270218,2024.07.19 00:02:20,balance,0.01,,0,0,0,2024.07.19 00:02:20,0,0,0,0,301,,RO 100258132 B 0.14 USDJPY
100270219,2024.07.19 00:02:20,balance,0.01,,0,0,0,2024.07.19 00:02:20,0,0,0,0,258,,RO 100259168 B 0.12 USDJPY
100270220,2024.07.19 00:02:20,balance,0.01,,0,0,0,2024.07.19 00:02:20,0,0,0,0,344,,RO 100259959 B 0.16 USDJPY
100270221,2024.07.19 00:02:20,balance,0.01,,0,0,0,2024.07.19 00:02:20,0,0,0,0,193,,RO 100260319 B 0.09 USDJPY
100270222,2024.07.19 00:02:20,balance,0.01,,0,0,0,2024.07.19 00:02:20,0,0,0,0,387,,RO 100260497 B 0.18 USDJPY
100270223,2024.07.19 00:02:20,balance,0.01,,0,0,0,2024.07.19 00:02:20,0,0,0,0,473,,RO 100260999 B 0.22 USDJPY
100303830,2024.07.18 19:00:00,buy,0.07,USDJPY,156.977,157.362,0,2024.07.19 09:54:31,157.36,0,0,0,2681,20240512,from #100258132[sl]
100304112,2024.07.19 05:00:01,buy,0.28,USDJPY,157.463,157.063,0,2024.07.19 10:01:32,157.063,0,0,0,-11200,20240512,STR01_USDJPY_H1[sl]
100306534,2024.07.18 20:00:01,buy,0.06,USDJPY,157.152,157.362,0,2024.07.19 09:54:31,157.36,0,0,0,1248,20240512,from #100259168[sl]
100306571,2024.07.18 21:00:00,buy,0.08,USDJPY,157.193,157.362,0,2024.07.19 09:54:31,157.36,0,0,0,1336,20240512,from #100259959[sl]
100307322,2024.07.18 22:00:00,buy,0.09,USDJPY,157.282,157.362,0,2024.07.19 09:54:31,157.36,0,0,0,702,20240512,from #100260497[sl]
100307706,2024.07.19 09:00:00,buy,0.24,USDJPY,157.772,157.319,0,2024.07.19 09:54:43,157.31,0,0,0,-11088,20240512,STR01_USDJPY_H1[sl]
100333306,2024.07.20 00:02:05,balance,0.01,,0,0,0,2024.07.20 00:02:05,0,0,0,0,473,,RO 100260999 B 0.22 USDJPY
100370446,2024.07.22 09:00:00,sell,0.1,USDJPY,157.025,157.612,0,2024.07.22 09:10:44,156.531,0,0,0,4940,20240512,to #100371209
100371209,2024.07.22 09:00:00,sell,0.1,USDJPY,157.025,156.789,0,2024.07.22 10:57:00,156.789,0,0,0,2360,20240512,from #100370446[sl]
100373084,2024.07.22 10:00:00,sell,0.1,USDJPY,156.445,157.566,0,2024.07.23 03:00:00,156.913,0,0,0,-4680,20240512,STR01_USDJPY_H1
100396155,2024.07.23 00:02:10,balance,0.01,,0,0,0,2024.07.23 00:02:10,0,0,0,0,-221,,RO 100373084 S 0.10 USDJPY
100432675,2024.07.23 07:00:00,sell,0.08,USDJPY,156.283,156.926,0,2024.07.23 19:40:50,155.766,0,0,0,4136,20240512,to #100448800
100437799,2024.07.23 11:00:00,sell,0.09,USDJPY,156.036,156.636,0,2024.07.24 04:10:45,155.524,0,0,0,4608,20240512,to #100495296
100448800,2024.07.23 07:00:00,sell,0.08,USDJPY,156.283,154.873,0,2024.07.24 10:23:58,154.873,0,0,0,11280,20240512,from #100432675[sl]
100449163,2024.07.23 20:00:01,sell,0.13,USDJPY,155.782,156.206,0,2024.07.24 04:12:33,155.273,0,0,0,6617,20240512,to #100495584
100449996,2024.07.23 21:00:00,sell,0.22,USDJPY,155.683,154.873,0,2024.07.24 10:23:58,154.873,0,0,0,17820,20240512,STR01_USDJPY_H1[sl]
100460500,2024.07.24 00:02:16,balance,0.01,,0,0,0,2024.07.24 00:02:16,0,0,0,0,-398,,RO 100437799 S 0.18 USDJPY
100460501,2024.07.24 00:02:16,balance,0.01,,0,0,0,2024.07.24 00:02:16,0,0,0,0,-177,,RO 100448800 S 0.08 USDJPY
100460502,2024.07.24 00:02:16,balance,0.01,,0,0,0,2024.07.24 00:02:16,0,0,0,0,-575,,RO 100449163 S 0.26 USDJPY
100460503,2024.07.24 00:02:16,balance,0.01,,0,0,0,2024.07.24 00:02:16,0,0,0,0,-487,,RO 100449996 S 0.22 USDJPY
100495296,2024.07.23 11:00:00,sell,0.09,USDJPY,156.036,154.873,0,2024.07.24 10:23:58,154.873,0,0,0,10467,20240512,from #100437799[sl]
100495584,2024.07.23 20:00:01,sell,0.13,USDJPY,155.782,154.873,0,2024.07.24 10:23:58,154.873,0,0,0,11817,20240512,from #100449163[sl]
100497410,2024.07.24 05:00:00,sell,0.08,USDJPY,155.249,155.989,0,2024.07.24 07:39:58,154.747,0,0,0,4016,20240512,to #100502213
100500219,2024.07.24 07:00:00,sell,0.06,USDJPY,155.045,155.989,0,2024.07.24 08:05:10,154.536,0,0,0,3054,20240512,to #100503181
100502213,2024.07.24 05:00:00,sell,0.08,USDJPY,155.249,154.873,0,2024.07.24 10:23:58,154.873,0,0,0,3008,20240512,from #100497410[sl]
100503006,2024.07.24 08:00:00,sell,0.08,USDJPY,154.605,153.612,0,2024.07.24 20:07:19,153.612,0,0,0,7944,20240512,STR01_USDJPY_H1[sl]
100503181,2024.07.24 07:00:00,sell,0.06,USDJPY,155.045,154.873,0,2024.07.24 10:23:58,154.873,0,0,0,1032,20240512,from #100500219[sl]
100514585,2024.07.24 15:00:00,sell,0.08,USDJPY,154.187,154.946,0,2024.07.24 16:34:45,153.68,0,0,0,4056,20240512,to #100519058
100517569,2024.07.24 16:00:00,sell,0.05,USDJPY,153.812,154.932,0,2024.07.24 17:02:45,153.313,0,0,0,2495,20240512,to #100521670
100519058,2024.07.24 15:00:00,sell,0.08,USDJPY,154.187,153.612,0,2024.07.24 20:07:19,153.612,0,0,0,4600,20240512,from #100514585[sl]
100521399,2024.07.24 17:00:00,sell,0.04,USDJPY,153.438,154.839,0,2024.07.25 03:38:12,152.885,0,0,0,2212,20240512,to #100578313
100521670,2024.07.24 16:00:00,sell,0.05,USDJPY,153.812,153.612,0,2024.07.24 20:07:19,153.612,0,0,0,1000,20240512,from #100517569[sl]
100525130,2024.07.24 18:00:00,sell,0.04,USDJPY,153.27,154.579,0,2024.07.25 04:33:31,152.754,0,0,0,2064,20240512,to #100581030
100540304,2024.07.25 00:02:20,balance,0.01,,0,0,0,2024.07.25 00:02:20,0,0,0,0,-531,,RO 100521399 S 0.08 USDJPY
100540305,2024.07.25 00:02:20,balance,0.01,,0,0,0,2024.07.25 00:02:20,0,0,0,0,-531,,RO 100525130 S 0.08 USDJPY
100578313,2024.07.24 17:00:00,sell,0.04,USDJPY,153.438,153.369,0,2024.07.25 03:55:14,153.369,0,0,0,276,20240512,from #100521399[sl]
100581030,2024.07.24 18:00:00,sell,0.04,USDJPY,153.27,152.733,0,2024.07.25 08:05:37,152.733,0,0,0,2148,20240512,from #100525130[sl]
100586048,2024.07.25 07:00:01,sell,0.06,USDJPY,152.318,153.967,0,2024.07.25 16:05:55,153.967,0,0,0,-9894,20240512,STR01_USDJPY_H1[sl]
100592495,2024.07.25 11:00:00,sell,0.16,USDJPY,152.187,152.974,0,2024.07.25 15:30:03,153.005,0,0,0,-13088,20240512,STR01_USDJPY_H1[sl]
100673817,2024.07.26 14:00:00,buy,0.12,USDJPY,154.571,153.545,0,2024.07.26 17:18:46,153.545,0,0,0,-12312,20240512,STR01_USDJPY_H1[sl]
100801545,2024.07.30 08:00:00,buy,0.1,USDJPY,154.45,153.85,0,2024.07.30 09:25:02,154.953,0,0,0,5030,20240512,to #100803577
100802879,2024.07.30 09:00:00,buy,0.08,USDJPY,154.655,153.942,0,2024.07.30 09:44:55,155.16,0,0,0,4040,20240512,to #100804189
100803577,2024.07.30 08:00:00,buy,0.1,USDJPY,154.45,154.712,0,2024.07.30 11:05:37,154.712,0,0,0,2620,20240512,from #100801545[sl]
100804189,2024.07.30 09:00:00,buy,0.08,USDJPY,154.655,154.712,0,2024.07.30 11:05:37,154.712,0,0,0,456,20240512,from #100802879[sl]
100804592,2024.07.30 10:00:00,buy,0.1,USDJPY,155.028,153.976,0,2024.07.30 18:04:17,153.963,0,0,0,-10650,20240512,STR01_USDJPY_H1[sl]
100819521,2024.07.30 20:00:00,sell,0.03,USDJPY,153.235,154.938,0,2024.07.30 23:53:59,152.741,0,0,0,1482,20240512,to #100822802
100822802,2024.07.30 20:00:00,sell,0.03,USDJPY,153.235,152.929,0,2024.07.31 01:52:27,152.933,0,0,0,906,20240512,from #100819521[sl]
100832521,2024.07.31 00:02:14,balance,0.01,,0,0,0,2024.07.31 00:02:14,0,0,0,0,-67,,RO 100822802 S 0.03 USDJPY
100865045,2024.07.31 00:10:00,sell,0.09,USDJPY,152.76,153.44,0,2024.07.31 03:31:06,152.255,0,0,0,4545,20240512,to #100868702
100868702,2024.07.31 00:10:00,sell,0.09,USDJPY,152.76,152.62,0,2024.07.31 05:11:58,152.639,0,0,0,1089,20240512,from #100865045[sl]
100869728,2024.07.31 04:00:00,sell,0.16,USDJPY,152.372,153.133,0,2024.07.31 05:12:02,153.166,0,0,0,-12704,20240512,STR01_USDJPY_H1[sl]
100890320,2024.07.31 11:00:00,sell,0.02,USDJPY,150.922,153.894,0,2024.07.31 11:07:23,150.418,0,0,0,1008,20240512,to #100891055
100891055,2024.07.31 11:00:00,sell,0.02,USDJPY,150.922,150.562,0,2024.07.31 11:15:22,150.568,0,0,0,708,20240512,from #100890320[sl]
100959885,2024.08.01 04:00:00,sell,0.06,USDJPY,149.439,150.323,0,2024.08.01 04:20:52,148.92,0,0,0,3114,20240512,to #100961199
100961199,2024.08.01 04:00:00,sell,0.06,USDJPY,149.439,149.013,0,2024.08.01 04:53:09,149.013,0,0,0,2556,20240512,from #100959885[sl]
100963338,2024.08.01 05:00:00,sell,0.1,USDJPY,149.174,150.323,0,2024.08.01 09:38:49,150.323,0,0,0,-11490,20240512,STR01_USDJPY_H1[sl]
101052063,2024.08.02 10:00:00,sell,0.07,USDJPY,148.834,149.645,0,2024.08.02 15:30:10,148.245,0,0,0,4123,20240512,to #101060819
101060819,2024.08.02 10:00:00,sell,0.07,USDJPY,148.834,147.633,0,2024.08.02 15:38:43,147.633,0,0,0,8407,20240512,from #101052063[sl]
101066364,2024.08.02 16:00:00,sell,0.03,USDJPY,147.443,149.12,0,2024.08.02 17:04:37,146.913,0,0,0,1590,20240512,to #101072236
101072236,2024.08.02 16:00:00,sell,0.03,USDJPY,147.443,146.919,0,2024.08.02 18:46:11,146.919,0,0,0,1572,20240512,from #101066364[sl]
101077060,2024.08.02 18:00:00,sell,0.02,USDJPY,146.668,149.12,0,2024.08.05 01:04:05,146.161,0,0,0,1014,20240512,to #101122627
101093025,2024.08.03 00:02:21,balance,0.01,,0,0,0,2024.08.03 00:02:21,0,0,0,0,-84,,RO 101077060 S 0.04 USDJPY
101122627,2024.08.02 18:00:00,sell,0.02,USDJPY,146.668,146.466,0,2024.08.05 01:30:57,146.47,0,0,0,396,20240512,from #101077060[sl]
101124551,2024.08.05 02:00:00,sell,0.1,USDJPY,146.287,146.897,0,2024.08.05 02:45:09,145.779,0,0,0,5080,20240512,to #101126481
101126481,2024.08.05 02:00:00,sell,0.1,USDJPY,146.287,145.796,0,2024.08.05 03:00:08,145.799,0,0,0,4880,20240512,from #101124551[sl]
101127568,2024.08.05 03:00:00,sell,0.1,USDJPY,145.576,145.272,0,2024.08.05 04:30:44,145.272,0,0,0,3040,20240512,STR01_USDJPY_H1[sl]
101135328,2024.08.05 05:00:00,sell,0.04,USDJPY,145.107,146.546,0,2024.08.05 06:51:36,144.596,0,0,0,2044,20240512,to #101139119
101139119,2024.08.05 05:00:00,sell,0.04,USDJPY,145.107,142.712,0,2024.08.05 07:27:01,142.718,0,0,0,9556,20240512,from #101135328[sl]
101139911,2024.08.05 07:00:00,sell,0.03,USDJPY,144.362,145.941,0,2024.08.05 07:09:01,143.865,0,0,0,1491,20240512,to #101140835
101140835,2024.08.05 07:00:00,sell,0.03,USDJPY,144.362,142.712,0,2024.08.05 07:27:01,142.718,0,0,0,4932,20240512,from #101139911[sl]
101146150,2024.08.05 08:00:00,sell,0.04,USDJPY,143.154,143.004,0,2024.08.05 08:44:25,143.008,0,0,0,584,20240512,STR01_USDJPY_H1[sl]
101244901,2024.08.06 03:00:00,buy,0.04,USDJPY,145.832,145.866,0,2024.08.06 03:20:09,145.865,0,0,0,132,20240512,STR01_USDJPY_H1[sl]
101340713,2024.08.07 05:00:00,buy,0.02,USDJPY,146.775,144.305,0,2024.08.07 06:43:57,147.286,0,0,0,1022,20240512,to #101344567
101344567,2024.08.07 05:00:00,buy,0.02,USDJPY,146.775,147.395,0,2024.08.07 08:20:34,147.388,0,0,0,1226,20240512,from #101340713[sl]
101347660,2024.08.07 08:00:00,buy,0.04,USDJPY,147.645,144.553,0,2024.08.08 06:00:00,146.589,0,0,0,-4224,20240512,STR01_USDJPY_H1
101385999,2024.08.08 00:02:07,balance,0.01,,0,0,0,2024.08.08 00:02:07,0,0,0,0,312,,RO 101347660 B 0.04 USDJPY
101495040,2024.08.09 03:00:00,buy,0.2,USDJPY,147.693,147.1,0,2024.08.09 04:58:53,147.1,0,0,0,-11860,20240512,STR01_USDJPY_H1[sl]
